Temperature,Pressure,Humidity
23.106852340936893,1014.019139516172,27.876476607054183
23.11191253103316,1014.0554170086947,27.853585988125726
23.106852340936893,1013.9907187023931,27.85940943163108
23.11191253103316,1013.9701538696722,27.859275130331763
23.106852340936893,1013.8770356464277,27.813896549802173
